snr,split_type,user_noise,train_nmse,test_nmse_val,test_nmse_train
0.0,LS,3.0,5.049856801267855,4.4093065395137785,5.144451822477776
0.0,LS,3.0,4.592925239392828,4.595223722215998,4.588709904492669
0.0,LS,3.0,4.963042957955724,4.799312562040142,4.947874900073581
0.0,random,3.0,-13.089511357579868,-11.150857440345801,-11.16008235628951
0.0,random,3.0,-13.524299385623571,-11.786512797244102,-11.786893833644452
0.0,random,3.0,-14.254907143883273,-11.874559604723004,-11.861917248794905
